Column,DataType,MissingCount,MissingPercentage,UniqueValues
CampaignID,int64,0,0.0,150000
CampaignDate,object,0,0.0,1096
Platform,object,0,0.0,7
Region,object,0,0.0,6
Device,object,0,0.0,4
CustomerSegment,object,0,0.0,6
ProductCategory,object,0,0.0,10
CampaignType,object,0,0.0,7
Season,object,0,0.0,6
Budget,float64,0,0.0,149756
Spend,float64,0,0.0,149745
Impressions,int64,0,0.0,146269
Clicks,int64,0,0.0,103855
CTR,float64,0,0.0,901
CPC,float64,0,0.0,8960
CPM,float64,0,0.0,58403
Leads,int64,0,0.0,52820
Conversions,int64,0,0.0,28876
ConversionRate,float64,0,0.0,2176
Revenue,float64,0,0.0,149968
Profit,float64,0,0.0,149971
ROI,float64,0,0.0,111886
Likes,int64,0,0.0,44186
Shares,int64,0,0.0,16262
Comments,int64,0,0.0,9057
EngagementRate,float64,0,0.0,295
BounceRate,float64,0,0.0,6001
SessionDuration,float64,0,0.0,52883
CustomerRating,float64,0,0.0,26
CompetitorScore,int64,0,0.0,100
CampaignStatus,object,0,0.0,2
CampaignDurationDays,int64,0,0.0,84
RepeatCustomers,int64,0,0.0,18939
NewCustomers,int64,0,0.0,18927
Orders,int64,0,0.0,27790
AverageOrderValue,float64,0,0.0,45915
DiscountPercent,float64,0,0.0,3001
RefundRate,float64,0,0.0,1001
MarketingObjective,object,0,0.0,4
CampaignSuccess,object,0,0.0,4
