Original_Feature,Importance,Importance_Percentage
Budget,0.701502348487292,70.1502348487292
DiscountPercent,0.038023716991974925,3.8023716991974923
CompetitorScore,0.033359076803691726,3.3359076803691727
CampaignDurationDays,0.031101352066637594,3.1101352066637595
ProductCategory,0.021989177928858124,2.1989177928858124
CustomerSegment,0.018817299968222977,1.8817299968222976
Platform,0.01868633123087742,1.8686331230877418
CampaignType,0.018363499545597982,1.836349954559798
Season,0.0179605638821054,1.7960563882105403
CampaignMonth,0.017770679755889,1.7770679755889
Region,0.017546697720924716,1.7546697720924715
CampaignDayOfWeek,0.016853708953230802,1.6853708953230802
Device,0.015967691058790135,1.5967691058790134
MarketingObjective,0.01587824167776604,1.5878241677766038
CampaignYear,0.008466403323268595,0.8466403323268595
CampaignQuarter,0.007713210604872603,0.7713210604872603
