Transformed_Feature,Importance,Importance_Percentage
numerical__Budget,0.701502348487292,70.1502348487292
numerical__DiscountPercent,0.038023716991974925,3.8023716991974923
numerical__CompetitorScore,0.033359076803691726,3.3359076803691727
numerical__CampaignDurationDays,0.031101352066637594,3.1101352066637595
numerical__CampaignMonth,0.017770679755889,1.7770679755889
numerical__CampaignDayOfWeek,0.016853708953230802,1.6853708953230802
numerical__CampaignYear,0.008466403323268595,0.8466403323268595
numerical__CampaignQuarter,0.007713210604872603,0.7713210604872603
categorical__MarketingObjective_Lead Generation,0.005416653375863629,0.5416653375863629
categorical__Device_Mobile,0.004501301929779869,0.45013019297798684
categorical__Season_Autumn,0.004118319748115461,0.4118319748115461
categorical__Device_Smart TV,0.004084219754856965,0.40842197548569653
categorical__Device_Desktop,0.0038386432646167145,0.38386432646167146
categorical__MarketingObjective_Brand Awareness,0.0038340921578343123,0.38340921578343123
categorical__Platform_TikTok,0.003703779333901613,0.3703779333901613
categorical__Region_South America,0.0036036844569464752,0.36036844569464754
categorical__CampaignType_Sales,0.0035872760438478224,0.35872760438478224
categorical__MarketingObjective_Sales Growth,0.0035611505532087396,0.35611505532087395
categorical__CustomerSegment_Enterprise,0.0035581178116441798,0.355811781164418
categorical__Device_Tablet,0.003543526109536588,0.35435261095365883
categorical__Platform_Instagram,0.0034197953204914227,0.3419795320491423
categorical__CustomerSegment_New,0.0033410274586484676,0.3341027458648468
categorical__CustomerSegment_Student,0.0033129776030857774,0.3312977603085777
categorical__CustomerSegment_Premium,0.00319202017509689,0.319202017509689
categorical__Season_Spring,0.003129881498613345,0.3129881498613345
categorical__MarketingObjective_Retention,0.0030663455908593565,0.3066345590859357
categorical__CustomerSegment_Returning,0.0030114958907993842,0.30114958907993844
categorical__Region_Middle East,0.003006755167242482,0.3006755167242482
categorical__Region_Europe,0.0029767275377230247,0.29767275377230246
categorical__Season_Summer,0.002929248735300792,0.2929248735300792
categorical__ProductCategory_Healthcare,0.002923268793301206,0.29232687933012064
categorical__CampaignType_Seasonal Promotion,0.002824400344472125,0.2824400344472125
categorical__Platform_Google Ads,0.0028170655872325895,0.28170655872325895
categorical__Region_Africa,0.002804650529024041,0.2804650529024041
categorical__ProductCategory_Beauty,0.002777924948473081,0.2777924948473081
categorical__Season_Holiday,0.0027368188992394253,0.27368188992394255
categorical__Season_Festival,0.002691549373336596,0.26915493733365964
categorical__CampaignType_Awareness,0.0026070795140464174,0.26070795140464176
categorical__Region_North America,0.0025812359201736056,0.25812359201736057
categorical__Region_Asia Pacific,0.002573644109815088,0.2573644109815088
categorical__CampaignType_App Promotion,0.002545764492749643,0.2545764492749643
categorical__CampaignType_Lead Generation,0.002513476493987836,0.2513476493987836
categorical__ProductCategory_Real Estate,0.002505571812472315,0.2505571812472315
categorical__CustomerSegment_Senior,0.002401661028948278,0.24016610289482782
categorical__Season_Winter,0.0023547456274997814,0.23547456274997813
categorical__Platform_YouTube,0.002342034062785653,0.2342034062785653
categorical__Platform_Facebook,0.002298150306969373,0.22981503069693732
categorical__ProductCategory_Food,0.0022439533671643162,0.22439533671643164
categorical__CampaignType_Product Launch,0.0022006891167011067,0.22006891167011067
categorical__ProductCategory_Finance,0.0021246607992716237,0.21246607992716238
categorical__Platform_LinkedIn,0.002108433837170409,0.21084338371704087
categorical__ProductCategory_Automobile,0.0020993455970012946,0.20993455970012947
categorical__CampaignType_Retention,0.0020848135397930332,0.2084813539793033
categorical__Platform_Twitter (X),0.0019970727823263586,0.19970727823263584
categorical__ProductCategory_Fashion,0.0019914285150203228,0.1991428515020323
categorical__ProductCategory_Education,0.0019305144742475955,0.19305144742475955
categorical__ProductCategory_Electronics,0.0018609026652469333,0.18609026652469332
categorical__ProductCategory_Travel,0.0015316069566594364,0.15316069566594365
