Actual_ROI,Predicted_ROI,Absolute_Error,Signed_Error
226207.25,20732.332807743493,205474.9171922565,205474.9171922565
190910.26,21405.592978046738,169504.66702195327,169504.66702195327
189562.5,29850.259381003063,159712.24061899693,159712.24061899693
177285.59,23664.50605664923,153621.08394335076,153621.08394335076
175284.37,22581.58836131429,152702.7816386857,152702.7816386857
155588.71,17825.22580071952,137763.48419928047,137763.48419928047
155281.81,21289.49538453469,133992.3146154653,133992.3146154653
156006.0,22607.240155117248,133398.75984488276,133398.75984488276
139487.78,23131.66690854558,116356.11309145442,116356.11309145442
128641.95,13760.914645756138,114881.03535424384,114881.03535424384
123160.81,8788.961746521567,114371.84825347844,114371.84825347844
128560.58,14918.405735986238,113642.17426401377,113642.17426401377
132317.52,23467.18935802126,108850.33064197873,108850.33064197873
129271.84,21988.949572551865,107282.89042744812,107282.89042744812
127246.15,20209.61100042808,107036.53899957192,107036.53899957192
118526.91,15726.577733613398,102800.3322663866,102800.3322663866
126682.29,24220.80010424746,102461.48989575251,102461.48989575251
123634.99,24409.861891712284,99225.12810828772,99225.12810828772
109282.39,12745.56114161208,96536.82885838792,96536.82885838792
119014.35,23809.267238919776,95205.08276108024,95205.08276108024
109402.34,16457.491956650258,92944.84804334976,92944.84804334976
120253.37,27765.93949678171,92487.43050321827,92487.43050321827
97030.18,5675.407503939646,91354.77249606037,91354.77249606037
107278.23,17616.766847318235,89661.46315268177,89661.46315268177
104739.43,17323.240850494407,87416.18914950559,87416.18914950559
95132.96,9864.040927307056,85268.91907269295,85268.91907269295
88414.7,6299.955347799285,82114.74465220071,82114.74465220071
107770.42,26087.67067025318,81682.74932974682,81682.74932974682
110873.76,29791.76329964326,81081.99670035674,81081.99670035674
96783.27,18277.627803314084,78505.64219668592,78505.64219668592
96163.45,18572.8413588259,77590.6086411741,77590.6086411741
95812.43,18562.18996408256,77250.24003591744,77250.24003591744
106133.08,29705.253574168542,76427.82642583146,76427.82642583146
88067.34,11665.21869690561,76402.12130309439,76402.12130309439
87657.66,12411.61248771316,75246.04751228684,75246.04751228684
97996.69,24293.14278272588,73703.54721727411,73703.54721727411
97001.97,23600.452614710404,73401.5173852896,73401.5173852896
88462.05,15078.052270510112,73383.99772948989,73383.99772948989
94480.16,21743.006058497667,72737.15394150233,72737.15394150233
97914.2,26323.367738754816,71590.83226124517,71590.83226124517
87124.45,15633.130746219167,71491.31925378082,71491.31925378082
95920.62,24778.15050003061,71142.46949996939,71142.46949996939
86724.56,16751.42190682466,69973.13809317534,69973.13809317534
83361.73,14415.198210769298,68946.53178923069,68946.53178923069
82491.56,14246.587849962054,68244.97215003794,68244.97215003794
85045.12,16878.787807280685,68166.3321927193,68166.3321927193
88171.05,20398.0351388332,67773.0148611668,67773.0148611668
71503.97,4266.507577518827,67237.46242248117,67237.46242248117
78760.15,11603.486520922108,67156.66347907789,67156.66347907789
84172.13,20080.606441330216,64091.52355866979,64091.52355866979
76133.23,12218.252664527798,63914.9773354722,63914.9773354722
68177.43,4303.24514273238,63874.18485726761,63874.18485726761
87016.22,24091.449647606118,62924.77035239388,62924.77035239388
78576.72,16318.682454995596,62258.03754500441,62258.03754500441
87286.18,25165.51815873681,62120.66184126318,62120.66184126318
73966.95,12240.553431517596,61726.3965684824,61726.3965684824
91124.55,29802.643224011004,61321.906775989,61321.906775989
69793.64,8559.202369210265,61234.43763078973,61234.43763078973
65746.59,4586.306737105563,61160.28326289443,61160.28326289443
74567.83,13777.92313442662,60789.90686557338,60789.90686557338
75013.22,14420.138139973244,60593.08186002675,60593.08186002675
78220.43,18041.0704546799,60179.3595453201,60179.3595453201
68995.14,9357.087051290384,59638.052948709614,59638.052948709614
68683.33,9211.358696828902,59471.9713031711,59471.9713031711
83544.3,24754.151448300992,58790.14855169901,58790.14855169901
63192.36,5428.678455809731,57763.68154419027,57763.68154419027
81027.05,23744.059443456063,57282.99055654394,57282.99055654394
61607.27,4350.687504582254,57256.582495417744,57256.582495417744
79490.16,22753.15513515,56737.00486485001,56737.00486485001
75116.3,18785.451485065016,56330.84851493499,56330.84851493499
79442.17,23236.42718468916,56205.74281531084,56205.74281531084
76012.24,19941.25996496317,56070.98003503683,56070.98003503683
68100.99,12634.030031129794,55466.959968870215,55466.959968870215
62055.69,6591.659306655234,55464.03069334477,55464.03069334477
74019.0,18743.652590535243,55275.34740946475,55275.34740946475
89180.09,34324.52590413096,54855.56409586904,54855.56409586904
81483.48,27120.339966140968,54363.14003385903,54363.14003385903
67927.31,13709.636042993625,54217.67395700637,54217.67395700637
73066.7,18942.03727311612,54124.66272688388,54124.66272688388
68044.28,14640.192303626583,53404.08769637342,53404.08769637342
63747.48,10366.910091058524,53380.56990894148,53380.56990894148
65814.86,12521.932797206047,53292.92720279395,53292.92720279395
57068.72,4139.152810404663,52929.56718959534,52929.56718959534
77755.85,25527.103419848278,52228.74658015173,52228.74658015173
56198.07,5223.527964522346,50974.54203547765,50974.54203547765
54845.45,5251.658515574744,49593.79148442525,49593.79148442525
60835.19,11421.096612144394,49414.09338785561,49414.09338785561
60674.61,11986.244740296732,48688.36525970327,48688.36525970327
69416.8,20762.29498213561,48654.5050178644,48654.5050178644
62527.51,14356.50784599039,48171.00215400961,48171.00215400961
59147.32,11025.133931443135,48122.18606855686,48122.18606855686
75841.28,28323.770825366337,47517.50917463366,47517.50917463366
83229.66,36188.42951242519,47041.230487574816,47041.230487574816
50900.87,4003.606591449781,46897.26340855022,46897.26340855022
53422.52,6567.025900418258,46855.49409958174,46855.49409958174
76258.41,29662.422855463574,46595.987144536426,46595.987144536426
64520.58,18503.803571125067,46016.77642887493,46016.77642887493
55758.32,10264.61229806146,45493.70770193854,45493.70770193854
68010.18,22727.54715426504,45282.63284573496,45282.63284573496
54041.02,9772.74707507303,44268.27292492697,44268.27292492697
